{
  "alpha": 90.0,
  "beta": 90.0,
  "box_a": 38.16596599514794,
  "box_b": 38.16596599514794,
  "box_c": 78.03959658529058,
  "gamma": 90.0,
  "is_cubic": false
}