{
  "alpha": 90.0,
  "beta": 90.0,
  "box_a": 38.695982762944276,
  "box_b": 38.695982762944276,
  "box_c": 76.84613157084362,
  "gamma": 90.0,
  "is_cubic": false
}