{
  "alpha": 90.0,
  "beta": 90.0,
  "box_a": 38.25791069870085,
  "box_b": 38.25791069870085,
  "box_c": 75.93852098397952,
  "gamma": 90.0,
  "is_cubic": false
}