{
  "alpha": 90.0,
  "beta": 90.0,
  "box_a": 39.447687307266534,
  "box_b": 39.447687307266534,
  "box_c": 78.35844364741081,
  "gamma": 90.0,
  "is_cubic": false
}