{
  "alpha": 90.0,
  "beta": 90.0,
  "box_a": 39.023653685194716,
  "box_b": 39.023653685194716,
  "box_c": 77.11863088605458,
  "gamma": 90.0,
  "is_cubic": false
}