{
  "alpha": 90.0,
  "beta": 90.0,
  "box_a": 39.55567465334735,
  "box_b": 39.55567465334735,
  "box_c": 77.78766391297496,
  "gamma": 90.0,
  "is_cubic": false
}