{
  "alpha": 90.0,
  "beta": 90.0,
  "box_a": 39.10434653601714,
  "box_b": 39.10434653601714,
  "box_c": 77.28315502546627,
  "gamma": 90.0,
  "is_cubic": false
}